persona_ID,department_ID
P-1042,dep-sales
P-1014,dep-sales
P-1018,dep-sales
P-1022,dep-ops
P-1026,dep-sales
P-1030,dep-sales
P-1034,dep-ops
P-1038,dep-ops
P-1046,dep-ops
P-1050,dep-ops
P-1054,dep-tech
P-1058,dep-ops
P-1062,dep-sales
P-1066,dep-sales
P-1066,dep-ops
P-1102,dep-product
P-1106,dep-product
P-1110,dep-product
P-1114,dep-product
P-1118,dep-ops
P-1122,dep-product
P-1126,dep-product
P-1130,dep-product
P-1202,dep-cs
P-1214,dep-cs
P-1402,dep-cs
P-1402,dep-tech
P-1406,dep-cs
P-1406,dep-sales
P-1406,dep-ops
P-1410,dep-cs
P-1414,dep-ops
P-1502,dep-tech
P-1506,dep-cs
P-1506,dep-tech
P-1510,dep-tech
P-1514,dep-tech
P-1602,dep-tech
P-1606,dep-tech
P-1610,dep-cs
P-1702,dep-sales
P-1706,dep-sales
P-1710,dep-sales
