persona_ID,collaborator_ID
P-1042,P-1050
P-1042,P-1054
P-1014,P-1042
P-1014,P-1206
P-1018,P-1050
P-1022,P-1034
P-1026,P-1038
P-1026,P-1054
P-1030,P-1210
P-1030,P-1206
P-1034,P-1050
P-1034,P-1118
P-1038,P-1406
P-1038,P-1410
P-1038,P-1046
P-1046,P-1038
P-1046,P-1402
P-1050,P-1042
P-1050,P-1118
P-1054,P-1110
P-1054,P-1042
P-1058,P-1014
P-1062,P-1050
P-1066,P-1506
P-1066,P-1210
P-1102,P-1110
P-1102,P-1130
P-1106,P-1118
P-1106,P-1602
P-1110,P-1054
P-1110,P-1130
P-1114,P-1602
P-1114,P-1038
P-1118,P-1050
P-1118,P-1506
P-1122,P-1102
P-1126,P-1114
P-1126,P-1106
P-1130,P-1110
P-1130,P-1054
P-1202,P-1210
P-1206,P-1042
P-1206,P-1210
P-1210,P-1406
P-1210,P-1030
P-1214,P-1202
P-1218,P-1206
P-1218,P-1014
P-1302,P-1306
P-1306,P-1302
P-1306,P-1310
P-1310,P-1402
P-1310,P-1038
P-1314,P-1302
P-1402,P-1046
P-1402,P-1406
P-1402,P-1114
P-1406,P-1038
P-1406,P-1210
P-1406,P-1410
P-1410,P-1038
P-1410,P-1406
P-1410,P-1042
P-1414,P-1502
P-1414,P-1402
P-1502,P-1506
P-1502,P-1414
P-1506,P-1118
P-1506,P-1066
P-1510,P-1038
P-1510,P-1506
P-1514,P-1506
P-1514,P-1130
P-1602,P-1114
P-1602,P-1606
P-1602,P-1054
P-1606,P-1602
P-1606,P-1102
P-1610,P-1114
P-1610,P-1038
P-1702,P-1706
P-1706,P-1702
P-1706,P-1202
P-1710,P-1706
