ID,persona_ID,targetRole_ID,targetDepartment_ID,compatibility,narrative
P-1042-role-cs-ai,P-1042,role-cs-ai,dep-cs,Medium,Modeled move from P-1042 toward role-cs-ai.
P-1042-role-css,P-1042,role-css,dep-sales,Medium,Modeled move from P-1042 toward role-css.
P-1014-role-css,P-1014,role-css,dep-sales,Medium,Modeled move from P-1014 toward role-css.
P-1014-role-cs-ai,P-1014,role-cs-ai,dep-cs,Medium,Modeled move from P-1014 toward role-cs-ai.
P-1018-role-cs-ai,P-1018,role-cs-ai,dep-cs,Low,Modeled move from P-1018 toward role-cs-ai.
P-1018-dep-sales,P-1018,,dep-sales,Low,Modeled receiving department for P-1018.
P-1022-role-cs-qa,P-1022,role-cs-qa,dep-cs,Medium,Modeled move from P-1022 toward role-cs-qa.
P-1022-dep-ops,P-1022,,dep-ops,Medium,Modeled receiving department for P-1022.
P-1026-role-cs-mgr,P-1026,role-cs-mgr,dep-cs,High,Modeled move from P-1026 toward role-cs-mgr.
P-1026-role-cs-ai,P-1026,role-cs-ai,dep-cs,High,Modeled move from P-1026 toward role-cs-ai.
P-1026-role-csm,P-1026,role-csm,dep-sales,High,Modeled move from P-1026 toward role-csm.
P-1030-role-csm,P-1030,role-csm,dep-sales,High,Modeled move from P-1030 toward role-csm.
P-1030-role-css,P-1030,role-css,dep-sales,High,Modeled move from P-1030 toward role-css.
P-1034-role-cs-ai,P-1034,role-cs-ai,dep-cs,Medium,Modeled move from P-1034 toward role-cs-ai.
P-1034-role-cs-qa,P-1034,role-cs-qa,dep-cs,Medium,Modeled move from P-1034 toward role-cs-qa.
P-1034-dep-ops,P-1034,,dep-ops,Medium,Modeled receiving department for P-1034.
P-1038-role-proc,P-1038,role-proc,dep-ops,Medium,Modeled move from P-1038 toward role-proc.
P-1046-role-proc,P-1046,role-proc,dep-ops,Low,Modeled move from P-1046 toward role-proc.
P-1050-role-cs-ai,P-1050,role-cs-ai,dep-cs,Medium,Modeled move from P-1050 toward role-cs-ai.
P-1050-role-proc,P-1050,role-proc,dep-ops,Medium,Modeled move from P-1050 toward role-proc.
P-1054-role-ai-ops,P-1054,role-ai-ops,dep-tech,High,Modeled move from P-1054 toward role-ai-ops.
P-1054-role-aie,P-1054,role-aie,dep-tech,High,Modeled move from P-1054 toward role-aie.
P-1058-role-cs-qa,P-1058,role-cs-qa,dep-cs,Low,Modeled move from P-1058 toward role-cs-qa.
P-1058-dep-ops,P-1058,,dep-ops,Low,Modeled receiving department for P-1058.
P-1062-role-cs-ai,P-1062,role-cs-ai,dep-cs,Medium,Modeled move from P-1062 toward role-cs-ai.
P-1062-dep-sales,P-1062,,dep-sales,Medium,Modeled receiving department for P-1062.
P-1066-role-csm,P-1066,role-csm,dep-sales,High,Modeled move from P-1066 toward role-csm.
P-1066-role-proc,P-1066,role-proc,dep-ops,High,Modeled move from P-1066 toward role-proc.
P-1102-role-aie,P-1102,role-aie,dep-tech,High,Modeled move from P-1102 toward role-aie.
P-1102-role-sse,P-1102,role-sse,dep-tech,High,Modeled move from P-1102 toward role-sse.
P-1102-dep-product,P-1102,,dep-product,High,Modeled receiving department for P-1102.
P-1106-role-aie,P-1106,role-aie,dep-tech,Medium,Modeled move from P-1106 toward role-aie.
P-1106-role-em,P-1106,role-em,dep-tech,Medium,Modeled move from P-1106 toward role-em.
P-1106-dep-product,P-1106,,dep-product,Medium,Modeled receiving department for P-1106.
P-1110-role-ai-ops,P-1110,role-ai-ops,dep-tech,Medium,Modeled move from P-1110 toward role-ai-ops.
P-1110-dep-product,P-1110,,dep-product,Medium,Modeled receiving department for P-1110.
P-1114-dep-product,P-1114,,dep-product,Low,Modeled receiving department for P-1114.
P-1118-role-aie,P-1118,role-aie,dep-tech,Medium,Modeled move from P-1118 toward role-aie.
P-1118-dep-ops,P-1118,,dep-ops,Medium,Modeled receiving department for P-1118.
P-1122-role-aie,P-1122,role-aie,dep-tech,Medium,Modeled move from P-1122 toward role-aie.
P-1122-dep-product,P-1122,,dep-product,Medium,Modeled receiving department for P-1122.
P-1126-role-em,P-1126,role-em,dep-tech,High,Modeled move from P-1126 toward role-em.
P-1126-role-aie,P-1126,role-aie,dep-tech,High,Modeled move from P-1126 toward role-aie.
P-1126-dep-product,P-1126,,dep-product,High,Modeled receiving department for P-1126.
P-1130-role-ai-ops,P-1130,role-ai-ops,dep-tech,Medium,Modeled move from P-1130 toward role-ai-ops.
P-1130-dep-product,P-1130,,dep-product,Medium,Modeled receiving department for P-1130.
P-1202-role-csm,P-1202,role-csm,dep-sales,Medium,Modeled move from P-1202 toward role-csm.
P-1202-dep-cs,P-1202,,dep-cs,Medium,Modeled receiving department for P-1202.
P-1206-role-csm,P-1206,role-csm,dep-sales,High,Modeled move from P-1206 toward role-csm.
P-1214-role-css,P-1214,role-css,dep-sales,Medium,Modeled move from P-1214 toward role-css.
P-1214-dep-cs,P-1214,,dep-cs,Medium,Modeled receiving department for P-1214.
P-1218-role-csm,P-1218,role-csm,dep-sales,Medium,Modeled move from P-1218 toward role-csm.
P-1302-role-fpna,P-1302,role-fpna,dep-fin,Low,Modeled move from P-1302 toward role-fpna.
P-1306-role-fpna,P-1306,role-fpna,dep-fin,Low,Modeled move from P-1306 toward role-fpna.
P-1314-role-fpna,P-1314,role-fpna,dep-fin,Medium,Modeled move from P-1314 toward role-fpna.
P-1402-role-mob,P-1402,role-mob,dep-hr,Medium,Modeled move from P-1402 toward role-mob.
P-1402-dep-cs,P-1402,,dep-cs,Medium,Modeled receiving department for P-1402.
P-1402-dep-tech,P-1402,,dep-tech,Medium,Modeled receiving department for P-1402.
P-1406-dep-cs,P-1406,,dep-cs,Medium,Modeled receiving department for P-1406.
P-1406-dep-sales,P-1406,,dep-sales,Medium,Modeled receiving department for P-1406.
P-1406-dep-ops,P-1406,,dep-ops,Medium,Modeled receiving department for P-1406.
P-1410-dep-cs,P-1410,,dep-cs,Low,Modeled receiving department for P-1410.
P-1414-role-mob,P-1414,role-mob,dep-hr,Medium,Modeled move from P-1414 toward role-mob.
P-1414-dep-ops,P-1414,,dep-ops,Medium,Modeled receiving department for P-1414.
P-1502-role-proc,P-1502,role-proc,dep-ops,Medium,Modeled move from P-1502 toward role-proc.
P-1502-dep-tech,P-1502,,dep-tech,Medium,Modeled receiving department for P-1502.
P-1506-dep-cs,P-1506,,dep-cs,Medium,Modeled receiving department for P-1506.
P-1506-dep-tech,P-1506,,dep-tech,Medium,Modeled receiving department for P-1506.
P-1510-role-proc,P-1510,role-proc,dep-ops,Low,Modeled move from P-1510 toward role-proc.
P-1510-dep-tech,P-1510,,dep-tech,Low,Modeled receiving department for P-1510.
P-1514-role-sap,P-1514,role-sap,dep-tech,High,Modeled move from P-1514 toward role-sap.
P-1602-dep-tech,P-1602,,dep-tech,Medium,Modeled receiving department for P-1602.
P-1606-role-pm,P-1606,role-pm,dep-product,High,Modeled move from P-1606 toward role-pm.
P-1606-dep-tech,P-1606,,dep-tech,High,Modeled receiving department for P-1606.
P-1610-dep-cs,P-1610,,dep-cs,Low,Modeled receiving department for P-1610.
P-1702-role-camp,P-1702,role-camp,dep-mkt,Medium,Modeled move from P-1702 toward role-camp.
P-1702-dep-sales,P-1702,,dep-sales,Medium,Modeled receiving department for P-1702.
P-1706-dep-sales,P-1706,,dep-sales,Medium,Modeled receiving department for P-1706.
P-1710-role-camp,P-1710,role-camp,dep-mkt,High,Modeled move from P-1710 toward role-camp.
P-1710-dep-sales,P-1710,,dep-sales,High,Modeled receiving department for P-1710.
