persona_ID,skill_ID,kind,proficiency
P-1042,sk-comm,current,4
P-1042,sk-case,current,4
P-1042,sk-process,current,3
P-1042,sk-crm,current,3
P-1042,sk-km,emerging,1
P-1014,sk-comm,current,3
P-1014,sk-case,current,3
P-1014,sk-process,current,2
P-1014,sk-triage,current,3
P-1014,sk-crm,emerging,1
P-1018,sk-comm,current,4
P-1018,sk-case,current,3
P-1018,sk-crm,current,3
P-1018,sk-km,current,2
P-1018,sk-data,emerging,1
P-1022,sk-comm,current,4
P-1022,sk-case,current,4
P-1022,sk-process,current,4
P-1026,sk-comm,current,5
P-1026,sk-case,current,5
P-1026,sk-process,current,4
P-1026,sk-qa,current,3
P-1026,sk-km,current,3
P-1026,sk-oversight,emerging,1
P-1030,sk-comm,current,4
P-1030,sk-case,current,5
P-1030,sk-process,current,4
P-1030,sk-crm,current,4
P-1030,sk-success,emerging,1
P-1034,sk-case,current,5
P-1034,sk-process,current,4
P-1034,sk-triage,current,4
P-1034,sk-km,current,3
P-1034,sk-data,emerging,1
P-1038,sk-lead,current,4
P-1038,sk-process,current,4
P-1038,sk-qa,current,3
P-1038,sk-stake,current,4
P-1038,sk-comm,current,4
P-1038,sk-change,emerging,1
P-1046,sk-lead,current,4
P-1046,sk-case,current,4
P-1046,sk-process,current,4
P-1046,sk-change,current,3
P-1046,sk-oversight,emerging,1
P-1050,sk-qa,current,4
P-1050,sk-km,current,4
P-1050,sk-process,current,3
P-1050,sk-case,current,3
P-1050,sk-data,emerging,1
P-1054,sk-ai-support,current,4
P-1054,sk-case,current,4
P-1054,sk-oversight,current,3
P-1054,sk-data,current,3
P-1054,sk-comm,current,4
P-1054,sk-ai-eng,emerging,1
P-1058,sk-comm,current,3
P-1058,sk-case,current,2
P-1058,sk-process,current,2
P-1062,sk-comm,current,4
P-1062,sk-case,current,3
P-1062,sk-crm,current,3
P-1062,sk-process,current,3
P-1062,sk-km,emerging,1
P-1066,sk-case,current,5
P-1066,sk-comm,current,4
P-1066,sk-process,current,5
P-1066,sk-triage,current,4
P-1066,sk-success,emerging,1
P-1102,sk-python,current,4
P-1102,sk-sql,current,3
P-1102,sk-cloud,current,3
P-1102,sk-sap,current,2
P-1102,sk-ai-eng,emerging,1
P-1106,sk-python,current,5
P-1106,sk-cloud,current,4
P-1106,sk-sql,current,4
P-1106,sk-sap,current,3
P-1106,sk-ai-eng,emerging,1
P-1110,sk-ai-eng,current,4
P-1110,sk-python,current,5
P-1110,sk-data,current,4
P-1110,sk-cloud,current,3
P-1110,sk-oversight,emerging,1
P-1114,sk-lead,current,5
P-1114,sk-stake,current,4
P-1114,sk-cloud,current,3
P-1114,sk-change,current,4
P-1114,sk-ai-eng,emerging,1
P-1118,sk-sap,current,5
P-1118,sk-process,current,4
P-1118,sk-sql,current,3
P-1118,sk-improve,current,3
P-1118,sk-oversight,emerging,1
P-1122,sk-python,current,3
P-1122,sk-sql,current,3
P-1122,sk-cloud,current,2
P-1122,sk-ai-eng,emerging,1
P-1126,sk-python,current,5
P-1126,sk-cloud,current,5
P-1126,sk-sql,current,4
P-1126,sk-lead,current,3
P-1126,sk-ai-eng,emerging,1
P-1130,sk-ai-eng,current,3
P-1130,sk-python,current,4
P-1130,sk-data,current,3
P-1130,sk-sql,current,3
P-1130,sk-oversight,emerging,1
P-1202,sk-pipeline,current,4
P-1202,sk-negotiation,current,4
P-1202,sk-comm,current,5
P-1202,sk-crm,current,3
P-1202,sk-data,emerging,1
P-1206,sk-success,current,3
P-1206,sk-comm,current,4
P-1206,sk-crm,current,4
P-1206,sk-case,current,2
P-1206,sk-stake,emerging,1
P-1210,sk-success,current,5
P-1210,sk-stake,current,4
P-1210,sk-negotiation,current,3
P-1210,sk-crm,current,4
P-1210,sk-data,emerging,1
P-1214,sk-comm,current,4
P-1214,sk-pipeline,current,3
P-1214,sk-crm,current,3
P-1214,sk-negotiation,current,2
P-1214,sk-data,emerging,1
P-1218,sk-success,current,4
P-1218,sk-comm,current,4
P-1218,sk-process,current,3
P-1218,sk-crm,current,4
P-1218,sk-stake,emerging,1
P-1302,sk-fin,current,4
P-1302,sk-sql,current,3
P-1302,sk-forecast,current,2
P-1302,sk-data,emerging,1
P-1306,sk-fin,current,5
P-1306,sk-forecast,current,3
P-1306,sk-sql,current,4
P-1306,sk-oversight,emerging,1
P-1310,sk-forecast,current,5
P-1310,sk-fin,current,4
P-1310,sk-stake,current,4
P-1310,sk-data,current,3
P-1310,sk-oversight,emerging,1
P-1314,sk-fin,current,3
P-1314,sk-sql,current,3
P-1314,sk-data,current,2
P-1314,sk-forecast,emerging,1
P-1402,sk-stake,current,4
P-1402,sk-change,current,4
P-1402,sk-wfp,current,3
P-1402,sk-lead,current,3
P-1402,sk-data,emerging,1
P-1406,sk-wfp,current,5
P-1406,sk-change,current,4
P-1406,sk-stake,current,4
P-1406,sk-data,current,3
P-1406,sk-learning,emerging,1
P-1410,sk-learning,current,5
P-1410,sk-change,current,3
P-1410,sk-km,current,4
P-1410,sk-stake,current,3
P-1410,sk-data,emerging,1
P-1414,sk-stake,current,3
P-1414,sk-wfp,current,2
P-1414,sk-change,current,3
P-1414,sk-comm,current,4
P-1414,sk-data,emerging,1
P-1502,sk-process,current,3
P-1502,sk-supply,current,4
P-1502,sk-improve,current,2
P-1502,sk-data,emerging,1
P-1506,sk-improve,current,4
P-1506,sk-process,current,4
P-1506,sk-data,current,3
P-1506,sk-sql,current,3
P-1506,sk-oversight,emerging,1
P-1510,sk-process,current,5
P-1510,sk-supply,current,4
P-1510,sk-lead,current,3
P-1510,sk-improve,current,3
P-1510,sk-oversight,emerging,1
P-1514,sk-improve,current,3
P-1514,sk-process,current,3
P-1514,sk-data,current,3
P-1514,sk-oversight,emerging,1
P-1602,sk-stake,current,4
P-1602,sk-analytics,current,3
P-1602,sk-data,current,3
P-1602,sk-comm,current,4
P-1602,sk-ai-eng,emerging,1
P-1606,sk-analytics,current,4
P-1606,sk-sql,current,4
P-1606,sk-data,current,4
P-1606,sk-ai-eng,emerging,1
P-1610,sk-stake,current,5
P-1610,sk-analytics,current,4
P-1610,sk-lead,current,4
P-1610,sk-data,current,3
P-1610,sk-oversight,emerging,1
P-1702,sk-content,current,4
P-1702,sk-comm,current,4
P-1702,sk-campaign,current,3
P-1702,sk-analytics,emerging,1
P-1706,sk-campaign,current,5
P-1706,sk-content,current,3
P-1706,sk-process,current,3
P-1706,sk-analytics,current,2
P-1706,sk-data,emerging,1
P-1710,sk-content,current,3
P-1710,sk-comm,current,3
P-1710,sk-campaign,current,2
P-1710,sk-analytics,emerging,1
