persona_ID,skill_ID
P-1042,sk-ai-support
P-1014,sk-ai-support
P-1014,sk-data
P-1018,sk-ai-support
P-1022,sk-ai-support
P-1022,sk-data
P-1026,sk-ai-support
P-1026,sk-lead
P-1030,sk-ai-support
P-1030,sk-oversight
P-1034,sk-ai-support
P-1038,sk-oversight
P-1038,sk-data
P-1046,sk-data
P-1046,sk-ai-support
P-1050,sk-ai-support
P-1050,sk-oversight
P-1054,sk-python
P-1058,sk-ai-support
P-1058,sk-crm
P-1062,sk-ai-support
P-1066,sk-oversight
P-1102,sk-ai-eng
P-1102,sk-data
P-1106,sk-ai-eng
P-1110,sk-sap
P-1114,sk-ai-eng
P-1118,sk-ai-eng
P-1118,sk-oversight
P-1122,sk-ai-eng
P-1122,sk-sap
P-1126,sk-ai-eng
P-1130,sk-sap
P-1202,sk-data
P-1206,sk-data
P-1206,sk-stake
P-1210,sk-data
P-1214,sk-data
P-1214,sk-success
P-1218,sk-stake
P-1302,sk-forecast
P-1302,sk-stake
P-1306,sk-oversight
P-1306,sk-stake
P-1310,sk-oversight
P-1314,sk-forecast
P-1314,sk-stake
P-1402,sk-data
P-1406,sk-learning
P-1410,sk-ai-support
P-1410,sk-data
P-1414,sk-wfp
P-1414,sk-data
P-1502,sk-oversight
P-1502,sk-data
P-1506,sk-oversight
P-1510,sk-oversight
P-1510,sk-data
P-1514,sk-oversight
P-1514,sk-sql
P-1602,sk-ai-eng
P-1606,sk-ai-eng
P-1606,sk-stake
P-1610,sk-oversight
P-1702,sk-analytics
P-1702,sk-data
P-1706,sk-data
P-1710,sk-analytics
P-1710,sk-data
