role_ID,skill_ID,kind
role-cs-spec,sk-comm,current
role-cs-spec,sk-case,current
role-cs-spec,sk-process,current
role-cs-spec,sk-crm,current
role-cs-spec,sk-ai-support,future
role-cs-spec,sk-oversight,future
role-cs-spec,sk-data,future
role-cs-senior,sk-comm,current
role-cs-senior,sk-case,current
role-cs-senior,sk-process,current
role-cs-senior,sk-crm,current
role-cs-senior,sk-ai-support,future
role-cs-senior,sk-oversight,future
role-cs-senior,sk-data,future
role-cs-mgr,sk-comm,current
role-cs-mgr,sk-case,current
role-cs-mgr,sk-process,current
role-cs-mgr,sk-crm,current
role-cs-mgr,sk-ai-support,future
role-cs-mgr,sk-oversight,future
role-cs-mgr,sk-data,future
role-cs-ai,sk-comm,current
role-cs-ai,sk-case,current
role-cs-ai,sk-process,current
role-cs-ai,sk-crm,current
role-cs-ai,sk-ai-support,future
role-cs-ai,sk-oversight,future
role-cs-ai,sk-data,future
role-cs-qa,sk-comm,current
role-cs-qa,sk-case,current
role-cs-qa,sk-process,current
role-cs-qa,sk-crm,current
role-cs-qa,sk-ai-support,future
role-cs-qa,sk-oversight,future
role-cs-qa,sk-data,future
role-ai-ops,sk-python,current
role-ai-ops,sk-cloud,current
role-ai-ops,sk-sap,current
role-ai-ops,sk-sql,current
role-ai-ops,sk-ai-eng,future
role-ai-ops,sk-oversight,future
role-swe,sk-python,current
role-swe,sk-cloud,current
role-swe,sk-sap,current
role-swe,sk-sql,current
role-swe,sk-ai-eng,future
role-swe,sk-oversight,future
role-sse,sk-python,current
role-sse,sk-cloud,current
role-sse,sk-sap,current
role-sse,sk-sql,current
role-sse,sk-ai-eng,future
role-sse,sk-oversight,future
role-aie,sk-python,current
role-aie,sk-cloud,current
role-aie,sk-sap,current
role-aie,sk-sql,current
role-aie,sk-ai-eng,future
role-aie,sk-oversight,future
role-em,sk-python,current
role-em,sk-cloud,current
role-em,sk-sap,current
role-em,sk-sql,current
role-em,sk-ai-eng,future
role-em,sk-oversight,future
role-sap,sk-python,current
role-sap,sk-cloud,current
role-sap,sk-sap,current
role-sap,sk-sql,current
role-sap,sk-ai-eng,future
role-sap,sk-oversight,future
role-ae,sk-pipeline,current
role-ae,sk-negotiation,current
role-ae,sk-success,current
role-ae,sk-crm,current
role-ae,sk-data,future
role-ae,sk-stake,future
role-css,sk-pipeline,current
role-css,sk-negotiation,current
role-css,sk-success,current
role-css,sk-crm,current
role-css,sk-data,future
role-css,sk-stake,future
role-csm,sk-pipeline,current
role-csm,sk-negotiation,current
role-csm,sk-success,current
role-csm,sk-crm,current
role-csm,sk-data,future
role-csm,sk-stake,future
role-fa,sk-fin,current
role-fa,sk-forecast,current
role-fa,sk-sql,current
role-fa,sk-oversight,future
role-fa,sk-data,future
role-fpna,sk-fin,current
role-fpna,sk-forecast,current
role-fpna,sk-sql,current
role-fpna,sk-oversight,future
role-fpna,sk-data,future
role-hrbp,sk-wfp,current
role-hrbp,sk-learning,current
role-hrbp,sk-change,current
role-hrbp,sk-stake,current
role-hrbp,sk-data,future
role-hrbp,sk-wfp,future
role-mob,sk-wfp,current
role-mob,sk-learning,current
role-mob,sk-change,current
role-mob,sk-stake,current
role-mob,sk-data,future
role-mob,sk-wfp,future
role-ld,sk-wfp,current
role-ld,sk-learning,current
role-ld,sk-change,current
role-ld,sk-stake,current
role-ld,sk-data,future
role-ld,sk-wfp,future
role-ops,sk-process,current
role-ops,sk-supply,current
role-ops,sk-improve,current
role-ops,sk-oversight,future
role-ops,sk-data,future
role-proc,sk-process,current
role-proc,sk-supply,current
role-proc,sk-improve,current
role-proc,sk-oversight,future
role-proc,sk-data,future
role-pm,sk-analytics,current
role-pm,sk-stake,current
role-pm,sk-data,current
role-pm,sk-ai-eng,future
role-pm,sk-analytics,future
role-pa,sk-analytics,current
role-pa,sk-stake,current
role-pa,sk-data,current
role-pa,sk-ai-eng,future
role-pa,sk-analytics,future
role-mkt,sk-campaign,current
role-mkt,sk-content,current
role-mkt,sk-comm,current
role-mkt,sk-data,future
role-mkt,sk-analytics,future
role-camp,sk-campaign,current
role-camp,sk-content,current
role-camp,sk-comm,current
role-camp,sk-data,future
role-camp,sk-analytics,future
