ID,personaCode,role_ID,department_ID,careerStage_code,location_ID,workModel_code,manager_ID,experienceYears,organizationalTenureYears,workload,learningCapacity,mobilityPotential,changeTolerance,learningAdaptability,mobilityReadiness,collaborationPreference,careerGoal,careerTrajectory,workPattern,accessibilityContext,currentStatus
P-1042,P-1042,role-cs-spec,dep-cs,Developing,Dublin,Hybrid,P-1038,4,4,78,High,Medium,Medium,High,Medium,Team,Build a practice in AI-assisted support,Toward AI Support Specialist,Queue-based shifts with a weekly quality review,,Synthetic
P-1014,P-1014,role-cs-spec,dep-cs,Early,Manila,Office,P-1038,2,2,74,Medium,Medium,Medium,Medium,Medium,Paired,Move from case volume into customer success,Toward Customer Success Specialist,Office queue with follow-the-sun handoff,,Synthetic
P-1018,P-1018,role-cs-spec,dep-cs,Developing,Austin,Hybrid,P-1038,3,3,81,High,Low,Low,High,Low,Team,Stay with customers while the tooling changes,Toward AI Support Specialist,"Hybrid queue, overlapping US business hours",,Synthetic
P-1022,P-1022,role-cs-spec,dep-cs,Established,Berlin,Office,P-1038,6,6,83,Low,Medium,Low,Medium,Low,Independent,Keep a stable case-management practice,Remain in Customer Support Specialist work,Office hours aligned to the EU queue,,Synthetic
P-1026,P-1026,role-cs-senior,dep-cs,Established,Singapore,Hybrid,P-1046,7,7,76,High,High,High,High,High,Team,Lead a queue and learn AI-assisted review,Toward Customer Support Manager,Hybrid coverage across APAC handoffs,,Synthetic
P-1030,P-1030,role-cs-senior,dep-cs,Senior,Toronto,Remote,P-1046,9,8,71,Medium,High,Medium,Medium,High,Paired,Move into a customer-success book of work,Toward Customer Success Manager,"Remote, Americas hours",,Synthetic
P-1034,P-1034,role-cs-senior,dep-cs,Established,Bengaluru,Hybrid,P-1046,5,5,80,High,Medium,Medium,High,Medium,Team,Build oversight skill without leaving the support domain,Toward AI Support Specialist,Hybrid queue with a weekly knowledge edit,,Synthetic
P-1038,P-1038,role-cs-mgr,dep-cs,Lead,Dublin,Hybrid,,11,9,84,Medium,Medium,Medium,Medium,Medium,Team,Redesign the queue around oversight rather than volume,Role redesign inside Customer Support,Manager cadence across two regions,,Synthetic
P-1046,P-1046,role-cs-mgr,dep-cs,Senior,Austin,Office,,8,8,86,High,Low,Low,High,Low,Team,Hold service levels while the automated share grows,Role redesign inside Customer Support,On-site leadership of the Americas queue,,Synthetic
P-1050,P-1050,role-cs-qa,dep-cs,Developing,Berlin,Hybrid,P-1038,4,4,69,High,Medium,High,High,Medium,Paired,Own quality for AI-assisted answers,Toward AI Support Specialist,Review blocks plus live-queue sampling,,Synthetic
P-1054,P-1054,role-cs-ai,dep-cs,Established,Singapore,Hybrid,P-1038,6,5,73,High,High,High,High,High,Paired,Move from support oversight into AI operations,Toward AI Operations Specialist,"Hybrid, split between queue oversight and model review",,Synthetic
P-1058,P-1058,role-cs-spec,dep-cs,Early,São Paulo,Office,P-1046,2,1,88,Low,Low,Low,Low,Low,Team,Become reliable on the current case process,Remain in Customer Support Specialist work,"Office queue, local-language coverage",,Synthetic
P-1062,P-1062,role-cs-spec,dep-cs,Developing,Manila,Remote,P-1046,4,4,91,Medium,Medium,Low,Medium,Low,Independent,Keep an accessible case workflow through any redesign,"Toward AI Support Specialist, if the console stays accessible",Remote queue. Case console is part of every shift.,Uses a screen reader with the case console. Role redesign for this cluster needs an accessible console path.,Synthetic
P-1066,P-1066,role-cs-senior,dep-cs,Senior,Bengaluru,Office,P-1046,10,10,77,Medium,High,Medium,Medium,High,Team,Take a receiving role in operations or success,Toward Customer Success Manager or Process Analyst,On-site senior coverage and escalation desk,,Synthetic
P-1102,P-1102,role-swe,dep-tech,Developing,Bengaluru,Hybrid,P-1114,3,3,75,High,High,High,High,High,Team,Move from feature delivery into AI engineering,Toward AI Engineer,Project cadence inside a platform squad,,Synthetic
P-1106,P-1106,role-sse,dep-tech,Established,Berlin,Hybrid,P-1114,8,6,79,High,Medium,Medium,High,Medium,Paired,Lead design for automation services,Toward AI Engineer or Engineering Manager,Hybrid design and review cadence,,Synthetic
P-1110,P-1110,role-aie,dep-tech,Established,Singapore,Hybrid,P-1114,6,4,82,High,Medium,High,High,Medium,Paired,Keep model quality tied to support outcomes,"Remain in AI Engineer work, partnered with support",Build weeks with a support-review clinic,,Synthetic
P-1114,P-1114,role-em,dep-tech,Lead,Austin,Hybrid,,12,7,85,Medium,Low,Medium,Medium,Low,Team,Staff the automation build without starving product work,Remain in Engineering Manager work,Leadership cadence across two squads,,Synthetic
P-1118,P-1118,role-sap,dep-tech,Established,Dublin,Hybrid,P-1114,9,9,77,Medium,Medium,Medium,Medium,Medium,Paired,Connect support automation to the existing SAP processes,Toward automation oversight alongside SAP integration,Integration releases with business-process reviews,,Synthetic
P-1122,P-1122,role-swe,dep-tech,Early,Toronto,Remote,P-1114,1,1,68,High,Medium,High,High,Medium,Paired,Grow from platform tasks into AI-assisted tooling,Toward AI Engineer,Remote project work. Tooling is keyboard-driven.,Uses keyboard-only navigation in the engineering tools. Tooling changes need a keyboard path.,Synthetic
P-1126,P-1126,role-sse,dep-tech,Senior,Bengaluru,Office,P-1114,11,11,80,Medium,High,Medium,Medium,High,Team,Choose between a staff technical path and management,Toward Engineering Manager,On-site technical leadership,,Synthetic
P-1130,P-1130,role-aie,dep-tech,Developing,Austin,Hybrid,P-1114,3,2,74,High,Medium,High,High,Medium,Team,Own evaluation for support-assistant changes,Remain in AI Engineer work,Hybrid build and evaluation cadence,,Synthetic
P-1202,P-1202,role-ae,dep-sales,Established,Austin,Hybrid,,7,5,82,Medium,Medium,Medium,Medium,Medium,Independent,Use cleaner product evidence in commercial conversations,Remain in Account Executive work,Account cadence with quarter-end peaks,,Synthetic
P-1206,P-1206,role-css,dep-sales,Developing,Dublin,Hybrid,P-1210,3,3,70,High,High,High,High,High,Paired,Take a fuller customer-success book,Toward Customer Success Manager,Adoption projects after support handoff,,Synthetic
P-1210,P-1210,role-csm,dep-sales,Senior,Singapore,Hybrid,,10,6,84,Medium,Low,Medium,Medium,Low,Team,Absorb a small number of redeployed support specialists,Remain in Customer Success Manager work,Book-of-business reviews and renewal prep,,Synthetic
P-1214,P-1214,role-ae,dep-sales,Early,Toronto,Remote,,1,1,72,High,Medium,High,High,Medium,Paired,Learn the product well enough to run discoveries alone,Remain in Account Executive work,Remote pipeline work,,Synthetic
P-1218,P-1218,role-css,dep-sales,Established,Manila,Hybrid,P-1210,6,6,76,Medium,Medium,Medium,Medium,Medium,Team,Lead onboarding for a regional book,Toward Customer Success Manager,Hybrid onboarding projects,,Synthetic
P-1302,P-1302,role-fa,dep-fin,Developing,Berlin,Hybrid,P-1310,4,4,73,High,Low,Medium,High,Low,Paired,Move from reporting into partner-style planning,Toward FP&A Partner,"Monthly close, then planning cycles",,Synthetic
P-1306,P-1306,role-fa,dep-fin,Established,Singapore,Office,P-1310,8,8,81,Medium,Low,Low,Medium,Low,Independent,Automate repetitive actuals work and keep the judgment work,Toward FP&A Partner,Office close calendar,,Synthetic
P-1310,P-1310,role-fpna,dep-fin,Senior,Dublin,Hybrid,,12,10,78,Medium,Low,Medium,Medium,Low,Team,Give department leaders a planning view of workforce scenarios,Remain in FP&A Partner work,Partner reviews with three departments,,Synthetic
P-1314,P-1314,role-fa,dep-fin,Early,Austin,Hybrid,P-1310,1,1,66,High,Medium,High,High,Medium,Paired,Become independent on the monthly pack,"Toward Financial Analyst, then FP&A Partner",Hybrid close support,,Synthetic
P-1402,P-1402,role-hrbp,dep-hr,Established,Bengaluru,Hybrid,,8,6,79,Medium,Medium,Medium,Medium,Medium,Team,Advise support leaders with a clearer mobility picture,Toward Mobility Partner,Business-partner cadence with Technology and Support,,Synthetic
P-1406,P-1406,role-mob,dep-hr,Senior,Dublin,Hybrid,,11,7,74,High,Medium,High,High,Medium,Team,Keep receiving departments honest about capacity,Remain in Mobility Partner work,Mobility design with quarterly capacity checks,,Synthetic
P-1410,P-1410,role-ld,dep-hr,Established,Berlin,Hybrid,,7,5,71,High,Low,High,High,Low,Paired,Build a support reskilling path that can actually be completed,Remain in Learning Partner work,Curriculum design with cohort reviews,,Synthetic
P-1414,P-1414,role-hrbp,dep-hr,Developing,Manila,Office,P-1402,3,3,68,High,Medium,High,High,Medium,Team,Become the partner for Operations,Toward a broader HR Business Partner scope,Office partner hours with Operations,,Synthetic
P-1502,P-1502,role-ops,dep-ops,Developing,São Paulo,Office,P-1510,4,4,80,Medium,Medium,Medium,Medium,Medium,Team,Learn process analysis without leaving operations,Toward Process Analyst,Shift-based operations with a daily exception review,,Synthetic
P-1506,P-1506,role-proc,dep-ops,Established,Austin,Hybrid,P-1510,7,5,73,High,Medium,High,High,Medium,Paired,Be the receiving analyst when support work is redesigned,Remain in Process Analyst work,Hybrid process studies with operations leads,,Synthetic
P-1510,P-1510,role-ops,dep-ops,Senior,Berlin,Office,,13,12,83,Medium,Low,Low,Medium,Low,Team,Protect operating capacity if support volume moves,Remain in Operations Specialist work with a larger scope,On-site operations leadership,,Synthetic
P-1514,P-1514,role-proc,dep-ops,Developing,Singapore,Hybrid,P-1510,3,3,69,High,High,High,High,High,Paired,Get fluent in automation oversight,Toward a senior process role,Hybrid studies across APAC operations,,Synthetic
P-1602,P-1602,role-pm,dep-product,Established,Toronto,Hybrid,,7,4,81,High,Medium,High,High,Medium,Team,Specify support automation without losing the human path,Remain in Product Manager work,Discovery and release cadence,,Synthetic
P-1606,P-1606,role-pa,dep-product,Developing,Bengaluru,Hybrid,P-1610,3,3,70,High,High,High,High,High,Paired,Own the measurement for workforce-facing product changes,Toward Product Manager,Analysis sprints tied to release reviews,,Synthetic
P-1610,P-1610,role-pm,dep-product,Senior,Austin,Hybrid,,11,8,83,Medium,Low,Medium,Medium,Low,Team,Balance automation scope against operating reality,Remain in Product Manager work,Portfolio reviews with engineering and support,,Synthetic
P-1702,P-1702,role-mkt,dep-mkt,Developing,Dublin,Hybrid,,3,3,72,High,Medium,High,High,Medium,Team,Add analytics to campaign work,Toward Campaign Operations Specialist,Campaign calendar with weekly production,,Synthetic
P-1706,P-1706,role-camp,dep-mkt,Established,Singapore,Hybrid,,8,6,78,Medium,Medium,Medium,Medium,Medium,Paired,Tighten the handoff between campaigns and sales,Remain in Campaign Operations Specialist work,Hybrid production desk,,Synthetic
P-1710,P-1710,role-mkt,dep-mkt,Early,Berlin,Remote,,1,1,64,High,High,High,High,High,Paired,Learn the campaign system end to end,Toward Campaign Operations Specialist,Remote production support,,Synthetic
