ID,name,department_ID,family,summary,staffed
role-cs-spec,Customer Support Specialist,dep-cs,Customer Support,Resolves customer cases and keeps the case record current.,true
role-cs-senior,Senior Customer Support Specialist,dep-cs,Customer Support,Handles complex cases and coaches specialists on process.,true
role-cs-mgr,Customer Support Manager,dep-cs,Customer Support,"Runs queue performance, staffing, and quality for a support group.",true
role-cs-ai,AI Support Specialist,dep-cs,Customer Support,Supervises AI-assisted case handling and corrects weak answers.,true
role-cs-qa,Support Quality Analyst,dep-cs,Customer Support,Reviews case quality and maintains the knowledge base.,true
role-ai-ops,AI Operations Specialist,dep-tech,Engineering,Modeled destination for people who move from support oversight into AI operations.,false
role-swe,Software Engineer,dep-tech,Engineering,Builds product and platform software.,true
role-sse,Senior Software Engineer,dep-tech,Engineering,Leads technical design inside a product or platform team.,true
role-aie,AI Engineer,dep-tech,Engineering,Builds and evaluates models used in product and support workflows.,true
role-em,Engineering Manager,dep-tech,Engineering,Leads an engineering group and its delivery commitments.,true
role-sap,SAP Integration Specialist,dep-tech,Engineering,Connects enterprise processes to SAP and adjacent systems.,true
role-ae,Account Executive,dep-sales,Sales,Owns commercial conversations and pipeline for assigned accounts.,true
role-css,Customer Success Specialist,dep-sales,Customer Success,Helps customers adopt the product after the initial case is resolved.,true
role-csm,Customer Success Manager,dep-sales,Customer Success,Owns retention and expansion for a book of customers.,true
role-fa,Financial Analyst,dep-fin,Finance,"Prepares actuals, variance, and planning inputs.",true
role-fpna,FP&A Partner,dep-fin,Finance,Partners with a department on forecast and investment choices.,true
role-hrbp,HR Business Partner,dep-hr,Human Resources,Advises department leaders on workforce plans.,true
role-mob,Mobility Partner,dep-hr,Human Resources,Designs internal move paths when work changes.,true
role-ld,Learning Partner,dep-hr,Human Resources,Designs learning programs for skill transitions.,true
role-ops,Operations Specialist,dep-ops,Operations,Runs a defined operational process and its exceptions.,true
role-proc,Process Analyst,dep-ops,Operations,Studies process performance and proposes operating changes.,true
role-pm,Product Manager,dep-product,Product,"Sets product problems, scope, and trade-offs.",true
role-pa,Product Analyst,dep-product,Product,Measures product behavior and frames evidence for decisions.,true
role-mkt,Marketing Specialist,dep-mkt,Marketing,Executes campaigns and maintains content systems.,true
role-camp,Campaign Operations Specialist,dep-mkt,Marketing,Coordinates campaign production and channel operations.,true
