persona_ID,role_ID
P-1042,role-cs-ai
P-1042,role-css
P-1014,role-css
P-1014,role-cs-ai
P-1018,role-cs-ai
P-1022,role-cs-qa
P-1026,role-cs-mgr
P-1026,role-cs-ai
P-1026,role-csm
P-1030,role-csm
P-1030,role-css
P-1034,role-cs-ai
P-1034,role-cs-qa
P-1038,role-proc
P-1046,role-proc
P-1050,role-cs-ai
P-1050,role-proc
P-1054,role-ai-ops
P-1054,role-aie
P-1058,role-cs-qa
P-1062,role-cs-ai
P-1066,role-csm
P-1066,role-proc
P-1102,role-aie
P-1102,role-sse
P-1106,role-aie
P-1106,role-em
P-1110,role-ai-ops
P-1118,role-aie
P-1122,role-aie
P-1126,role-em
P-1126,role-aie
P-1130,role-ai-ops
P-1202,role-csm
P-1206,role-csm
P-1214,role-css
P-1218,role-csm
P-1302,role-fpna
P-1306,role-fpna
P-1314,role-fpna
P-1402,role-mob
P-1414,role-mob
P-1502,role-proc
P-1510,role-proc
P-1514,role-sap
P-1606,role-pm
P-1702,role-camp
P-1710,role-camp
