department_ID,skill_ID,relation
dep-tech,sk-python,major
dep-tech,sk-cloud,major
dep-tech,sk-sap,major
dep-tech,sk-sql,major
dep-tech,sk-ai-eng,gap
dep-tech,sk-oversight,gap
dep-cs,sk-comm,major
dep-cs,sk-case,major
dep-cs,sk-process,major
dep-cs,sk-crm,major
dep-cs,sk-ai-support,gap
dep-cs,sk-oversight,gap
dep-cs,sk-data,gap
dep-sales,sk-pipeline,major
dep-sales,sk-negotiation,major
dep-sales,sk-success,major
dep-sales,sk-crm,major
dep-sales,sk-data,gap
dep-sales,sk-stake,gap
dep-fin,sk-fin,major
dep-fin,sk-forecast,major
dep-fin,sk-sql,major
dep-fin,sk-oversight,gap
dep-fin,sk-data,gap
dep-hr,sk-wfp,major
dep-hr,sk-learning,major
dep-hr,sk-change,major
dep-hr,sk-stake,major
dep-hr,sk-data,gap
dep-hr,sk-wfp,gap
dep-ops,sk-process,major
dep-ops,sk-supply,major
dep-ops,sk-improve,major
dep-ops,sk-oversight,gap
dep-ops,sk-data,gap
dep-product,sk-analytics,major
dep-product,sk-stake,major
dep-product,sk-data,major
dep-product,sk-ai-eng,gap
dep-product,sk-analytics,gap
dep-mkt,sk-campaign,major
dep-mkt,sk-content,major
dep-mkt,sk-comm,major
dep-mkt,sk-data,gap
dep-mkt,sk-analytics,gap
